{"stats":{"minecraft:picked_up":{"minecraft:wooden_axe":3,"minecraft:fishing_rod":2,"minecraft:iron_chestplate":3,"minecraft:nether_wart":2,"minecraft:allium":1,"minecraft:creeper_head":1,"minecraft:azure_bluet":8,"minecraft:chainmail_boots":1,"minecraft:splash_potion":3,"minecraft:iron_trapdoor":2,"minecraft:prismarine_shard":2,"minecraft:redstone_lamp":1,"minecraft:yellow_wool":5,"minecraft:diamond_sword":2,"minecraft:potion":3,"minecraft:enchanted_book":6,"minecraft:diamond_horse_armor":1,"minecraft:string":3,"minecraft:oak_trapdoor":2,"minecraft:cooked_salmon":1,"lucky:lucky_potion":53,"minecraft:wooden_sword":4,"minecraft:iron_leggings":3,"minecraft:sticky_piston":4,"minecraft:pufferfish":8,"minecraft:blue_orchid":2,"minecraft:oak_sign":3,"minecraft:diamond_leggings":3,"minecraft:gold_nugget":3,"lucky:lucky_sword":3,"minecraft:light_weighted_pressure_plate":2,"minecraft:beef":1,"minecraft:ender_eye":4,"minecraft:redstone_torch":8,"minecraft:player_head":1,"minecraft:wooden_shovel":3,"minecraft:poppy":6,"minecraft:light_gray_wool":1,"minecraft:piston":8,"minecraft:iron_boots":3,"minecraft:stick":2,"minecraft:sandstone":4,"minecraft:jukebox":1,"minecraft:oak_fence":3,"minecraft:torch":1,"minecraft:note_block":1,"minecraft:porkchop":1,"minecraft:cake":3,"minecraft:cookie":43,"minecraft:stone_button":4,"minecraft:music_disc_11":1,"minecraft:carrot":4,"minecraft:redstone":97,"minecraft:zombified_piglin_spawn_egg":1,"minecraft:rabbit_foot":2,"minecraft:iron_horse_armor":1,"minecraft:green_terracotta":7,"minecraft:pink_terracotta":3,"minecraft:stone_pressure_plate":3,"minecraft:purple_terracotta":3,"minecraft:tnt":50,"minecraft:phantom_spawn_egg":1,"minecraft:arrow":1,"minecraft:rotten_flesh":8,"minecraft:stone_shovel":1,"minecraft:allay_spawn_egg":1,"minecraft:tropical_fish":2,"minecraft:pumpkin_pie":2,"minecraft:diamond_boots":1,"minecraft:hay_block":22,"minecraft:saddle":1,"minecraft:green_wool":1,"minecraft:cyan_terracotta":2,"minecraft:yellow_terracotta":6,"minecraft:bookshelf":9,"minecraft:glistering_melon_slice":3,"minecraft:gold_ingot":23,"minecraft:white_terracotta":1,"minecraft:turtle_spawn_egg":1,"minecraft:mutton":4,"minecraft:blaze_rod":5,"minecraft:skeleton_skull":2,"minecraft:panda_spawn_egg":1,"minecraft:cod":8,"minecraft:rabbit_spawn_egg":1,"minecraft:oxeye_daisy":5,"minecraft:sponge":1,"minecraft:enchanting_table":2,"minecraft:clock":1,"minecraft:cooked_beef":1,"minecraft:magma_cream":1,"minecraft:repeater":21,"minecraft:golden_carrot":2,"minecraft:tripwire_hook":7,"minecraft:salmon":26,"minecraft:mushroom_stew":2,"minecraft:chainmail_chestplate":1,"minecraft:wooden_hoe":2,"minecraft:lapis_lazuli":11,"minecraft:magenta_terracotta":7,"minecraft:dirt":35,"lucky:lucky_bow":6,"minecraft:orange_terracotta":1,"minecraft:stone_bricks":10,"minecraft:gray_terracotta":3,"minecraft:bow":2,"minecraft:rabbit_hide":6,"minecraft:iron_ingot":8,"minecraft:rabbit":1,"minecraft:llama_spawn_egg":2,"minecraft:prismarine":2,"minecraft:stone_hoe":1,"minecraft:iron_sword":2,"minecraft:book":12,"minecraft:music_disc_chirp":1,"minecraft:vindicator_spawn_egg":1,"minecraft:ghast_tear":2,"minecraft:black_terracotta":2,"minecraft:cooked_porkchop":16,"minecraft:strider_spawn_egg":1,"minecraft:pumpkin":6,"minecraft:daylight_detector":1,"minecraft:lime_terracotta":1,"minecraft:dandelion":3,"minecraft:oak_pressure_plate":3,"minecraft:dropper":27,"minecraft:fermented_spider_eye":12,"minecraft:red_terracotta":6,"minecraft:sea_lantern":2,"minecraft:spider_eye":6,"minecraft:orange_wool":2,"minecraft:light_gray_terracotta":2,"minecraft:blue_terracotta":4,"minecraft:dispenser":3,"minecraft:sugar":43,"minecraft:light_blue_terracotta":2,"minecraft:diamond":15,"minecraft:slime_block":34,"minecraft:lever":3,"minecraft:iron_helmet":1,"minecraft:diamond_axe":1,"minecraft:painting":2,"minecraft:bread":1,"minecraft:golden_apple":3,"minecraft:emerald":11,"minecraft:horse_spawn_egg":1,"minecraft:golden_horse_armor":1,"minecraft:oak_button":3,"minecraft:jack_o_lantern":3,"minecraft:oak_sapling":1,"minecraft:hopper":4,"minecraft:nether_star":1,"minecraft:ender_pearl":7,"minecraft:diamond_pickaxe":1},"minecraft:used":{"minecraft:blue_terracotta":4,"minecraft:oak_trapdoor":2,"minecraft:jack_o_lantern":3,"minecraft:enchanting_table":2,"minecraft:dispenser":1,"minecraft:light_blue_terracotta":2,"minecraft:white_terracotta":1,"minecraft:creeper_head":1,"minecraft:player_head":1,"minecraft:rotten_flesh":1,"minecraft:green_terracotta":7,"minecraft:dirt":36,"minecraft:chainmail_chestplate":1,"minecraft:orange_wool":2,"minecraft:pink_terracotta":3,"minecraft:wooden_axe":10,"minecraft:cyan_terracotta":2,"minecraft:sea_lantern":2,"minecraft:bookshelf":9,"minecraft:slime_block":18,"minecraft:green_wool":1,"minecraft:iron_helmet":1,"minecraft:iron_boots":1,"minecraft:stone_bricks":10,"minecraft:light_gray_wool":1,"minecraft:hay_block":13,"minecraft:iron_trapdoor":2,"minecraft:magenta_terracotta":7,"minecraft:skeleton_skull":1,"lucky:lucky_potion":23,"minecraft:orange_terracotta":1,"minecraft:pumpkin":6,"minecraft:iron_leggings":1,"minecraft:diamond_boots":1,"minecraft:dropper":21,"minecraft:prismarine":2,"minecraft:ender_pearl":3,"minecraft:sandstone":4,"lucky:lucky_sword":4,"minecraft:diamond_axe":33,"minecraft:rabbit_spawn_egg":1,"minecraft:lime_terracotta":1,"minecraft:yellow_terracotta":6,"minecraft:strider_spawn_egg":1,"minecraft:light_gray_terracotta":2,"minecraft:sponge":1,"minecraft:purple_terracotta":3,"minecraft:cake":1,"minecraft:redstone_torch":1,"minecraft:black_terracotta":2,"minecraft:sticky_piston":1,"minecraft:gray_terracotta":3,"minecraft:diamond_pickaxe":14,"minecraft:daylight_detector":1,"minecraft:red_terracotta":3,"minecraft:yellow_wool":4,"minecraft:diamond_sword":17,"minecraft:wooden_sword":9,"minecraft:chainmail_boots":1,"minecraft:splash_potion":2,"minecraft:jukebox":1,"minecraft:diamond_leggings":3},"minecraft:killed_by":{"minecraft:skeleton":1},"minecraft:crafted":{"minecraft:diamond_sword":1},"minecraft:dropped":{"minecraft:diamond_axe":1,"minecraft:ender_pearl":1,"minecraft:golden_horse_armor":1,"minecraft:cooked_porkchop":4,"minecraft:cookie":9,"lucky:lucky_potion":4,"minecraft:iron_horse_armor":1,"minecraft:golden_apple":3,"minecraft:music_disc_11":1,"minecraft:diamond_horse_armor":1,"minecraft:iron_leggings":1,"lucky:lucky_bow":1,"minecraft:wooden_sword":1,"minecraft:sugar":14,"minecraft:music_disc_chirp":1,"minecraft:iron_boots":1,"minecraft:oak_sign":1,"lucky:lucky_sword":1},"minecraft:custom":{"minecraft:inspect_dropper":10,"minecraft:interact_with_anvil":1,"minecraft:mob_kills":12,"minecraft:interact_with_crafting_table":1,"minecraft:eat_cake_slice":2,"minecraft:damage_dealt_resisted":37,"minecraft:leave_game":6,"minecraft:time_since_death":1037,"minecraft:damage_resisted":217,"minecraft:sprint_one_cm":2886,"minecraft:walk_one_cm":136125,"minecraft:drop":47,"minecraft:talked_to_villager":2,"minecraft:play_time":46621,"minecraft:deaths":18,"minecraft:sneak_time":7311,"minecraft:walk_under_water_one_cm":107,"minecraft:jump":111,"minecraft:walk_on_water_one_cm":1386,"minecraft:total_world_time":46621,"minecraft:time_since_rest":1078,"minecraft:damage_taken":6562,"minecraft:damage_dealt":3163,"minecraft:fly_one_cm":10422,"minecraft:open_chest":7,"minecraft:crouch_one_cm":17754,"minecraft:fall_one_cm":6578},"minecraft:mined":{"minecraft:grass_block":16,"minecraft:oak_trapdoor":1,"minecraft:fire":23,"lucky:lucky_block":116,"minecraft:redstone_wall_torch":1,"minecraft:oak_fence":1,"minecraft:torch":1,"minecraft:glass":2,"minecraft:slime_block":45,"minecraft:yellow_wool":11,"minecraft:dirt":25,"minecraft:stone_bricks":12,"minecraft:redstone_lamp":1},"minecraft:killed":{"minecraft:cave_spider":1,"minecraft:zombie_horse":1,"minecraft:chicken":1,"minecraft:skeleton_horse":1,"minecraft:cat":3,"minecraft:rabbit":1,"minecraft:creeper":1,"minecraft:sheep":1,"minecraft:zombie":1,"minecraft:villager":1}},"DataVersion":3578}