{"stats":{"minecraft:dropped":{"minecraft:feather":2,"minecraft:carrot":17,"minecraft:dirt":15,"minecraft:seagrass":3,"minecraft:spider_eye":1,"minecraft:bone_meal":1,"minecraft:iron_shovel":2,"minecraft:dandelion":1},"minecraft:custom":{"minecraft:interact_with_furnace":45,"minecraft:mob_kills":51,"minecraft:traded_with_villager":2,"minecraft:interact_with_crafting_table":13,"minecraft:leave_game":6,"minecraft:time_since_death":135335,"minecraft:sleep_in_bed":7,"minecraft:time_since_rest":9567,"minecraft:sprint_one_cm":331475,"minecraft:damage_taken":1928,"minecraft:walk_one_cm":315971,"minecraft:drop":9,"minecraft:damage_dealt":5536,"minecraft:swim_one_cm":59414,"minecraft:fly_one_cm":624839,"minecraft:talked_to_villager":3,"minecraft:open_chest":9,"minecraft:play_time":135335,"minecraft:crouch_one_cm":2244,"minecraft:sneak_time":1310,"minecraft:walk_under_water_one_cm":11893,"minecraft:boat_one_cm":48401,"minecraft:jump":2990,"minecraft:walk_on_water_one_cm":21231,"minecraft:fall_one_cm":78279,"minecraft:total_world_time":135335},"minecraft:killed":{"minecraft:cave_spider":1,"minecraft:pig":17,"minecraft:spider":1,"minecraft:cod":2,"minecraft:creeper":1,"minecraft:skeleton":3,"minecraft:sheep":12,"minecraft:zombie":1,"minecraft:chicken":5,"minecraft:turtle":1,"minecraft:cow":7},"minecraft:broken":{"minecraft:iron_shovel":4,"minecraft:iron_pickaxe":1,"minecraft:wooden_pickaxe":1},"minecraft:mined":{"minecraft:deepslate_redstone_ore":2,"minecraft:tuff":28,"minecraft:white_bed":5,"minecraft:kelp_plant":3,"minecraft:dandelion":1,"minecraft:crafting_table":2,"minecraft:cornflower":3,"minecraft:granite":2,"minecraft:short_grass":79,"minecraft:acacia_log":9,"minecraft:grass_block":587,"minecraft:poppy":3,"minecraft:rose_bush":4,"minecraft:tall_grass":6,"minecraft:cobblestone":11,"minecraft:kelp":2,"minecraft:wall_torch":2,"minecraft:seagrass":1,"minecraft:furnace":2,"minecraft:carrots":17,"minecraft:birch_log":6,"minecraft:iron_ore":23,"minecraft:wheat":16,"minecraft:birch_leaves":1,"minecraft:andesite":2,"minecraft:pumpkin":4,"minecraft:orange_tulip":1,"minecraft:peony":3,"minecraft:potatoes":4,"minecraft:coal_ore":21,"minecraft:oak_log":33,"minecraft:dirt_path":1,"minecraft:deepslate_iron_ore":2,"minecraft:beetroots":3,"minecraft:rail":2,"minecraft:gravel":7,"minecraft:dirt":518,"minecraft:pink_tulip":17,"minecraft:stone":230,"minecraft:white_tulip":14,"minecraft:oak_leaves":8,"minecraft:deepslate":140},"minecraft:used":{"minecraft:cooked_mutton":5,"minecraft:stone_sword":157,"minecraft:iron_shovel":1126,"minecraft:stone_pickaxe":127,"minecraft:wooden_pickaxe":39,"minecraft:chest":3,"minecraft:iron_sword":37,"minecraft:rotten_flesh":1,"minecraft:torch":36,"minecraft:dirt":64,"minecraft:mutton":2,"minecraft:crafting_table":4,"minecraft:white_bed":6,"minecraft:tuff":1,"minecraft:apple":1,"minecraft:iron_pickaxe":330,"minecraft:stone_axe":43,"minecraft:cobblestone":92,"minecraft:furnace":5,"minecraft:cooked_porkchop":22,"minecraft:cooked_beef":3,"minecraft:cobbled_deepslate":16},"minecraft:crafted":{"minecraft:cooked_beef":3,"minecraft:oak_planks":132,"minecraft:emerald":2,"minecraft:cooked_porkchop":23,"minecraft:crafting_table":2,"minecraft:wooden_pickaxe":1,"minecraft:iron_sword":1,"minecraft:furnace":1,"minecraft:stone_axe":1,"minecraft:cooked_mutton":5,"minecraft:air":0,"minecraft:stick":84,"minecraft:iron_ingot":40,"minecraft:iron_pickaxe":2,"minecraft:stone_pickaxe":1,"minecraft:stone_sword":1,"minecraft:chest":3,"minecraft:iron_shovel":6,"minecraft:white_bed":1,"minecraft:acacia_planks":40,"minecraft:torch":60},"minecraft:picked_up":{"minecraft:birch_log":6,"minecraft:seagrass":3,"minecraft:crafting_table":2,"minecraft:feather":5,"minecraft:chicken":5,"minecraft:chest_minecart":1,"minecraft:andesite":2,"minecraft:leather":7,"minecraft:potato":4,"minecraft:tuff":28,"minecraft:oak_log":33,"minecraft:cornflower":3,"minecraft:dirt":1115,"minecraft:iron_shovel":2,"minecraft:acacia_planks":32,"minecraft:apple":2,"minecraft:kelp":20,"minecraft:wheat_seeds":40,"minecraft:orange_tulip":1,"minecraft:cobbled_deepslate":134,"minecraft:beef":8,"minecraft:white_tulip":14,"minecraft:oak_boat":1,"minecraft:rose_bush":4,"minecraft:poppy":3,"minecraft:oak_planks":4,"minecraft:furnace":5,"minecraft:egg":2,"minecraft:stick":52,"minecraft:raw_iron":45,"minecraft:pumpkin":3,"minecraft:torch":6,"minecraft:acacia_log":10,"minecraft:dandelion":1,"minecraft:gravel":7,"minecraft:porkchop":34,"minecraft:white_bed":5,"minecraft:carrot":34,"minecraft:redstone":9,"minecraft:spider_eye":1,"minecraft:rotten_flesh":1,"minecraft:beetroot_seeds":3,"minecraft:peony":3,"minecraft:granite":5,"minecraft:bone_meal":1,"minecraft:pink_tulip":17,"minecraft:oak_sapling":29,"minecraft:mutton":20,"minecraft:coal":20,"minecraft:cod":2,"minecraft:rail":2,"minecraft:white_wool":13,"minecraft:cobblestone":263}},"DataVersion":3953}