{"stats":{"minecraft:custom":{"minecraft:jump":16,"minecraft:play_one_minute":6775,"minecraft:leave_game":2,"minecraft:sprint_one_cm":71,"minecraft:time_since_death":6775,"minecraft:walk_one_cm":7307,"minecraft:sneak_time":99,"minecraft:drop":2,"minecraft:fly_one_cm":87838,"minecraft:open_chest":4,"minecraft:time_since_rest":6775},"minecraft:picked_up":{"minecraft:lava_bucket":1,"minecraft:ice":1},"minecraft:used":{"minecraft:grass":5,"minecraft:grass_block":2},"minecraft:dropped":{"minecraft:lava_bucket":1,"minecraft:ice":1}},"DataVersion":2586}