{"stats":{"minecraft:picked_up":{"minecraft:wooden_axe":5,"minecraft:chainmail_boots":5,"minecraft:ender_chest":3,"minecraft:iron_trapdoor":13,"minecraft:prismarine_shard":170,"minecraft:yellow_wool":9,"minecraft:diamond_sword":6,"minecraft:potion":4,"minecraft:enchanted_book":35,"minecraft:golden_shovel":2,"minecraft:golden_sword":2,"minecraft:lapis_block":2,"minecraft:string":6,"lucky:lucky_potion":13,"minecraft:orange_glazed_terracotta":2,"minecraft:iron_leggings":2,"minecraft:armor_stand":1,"minecraft:sticky_piston":16,"minecraft:pufferfish":5,"minecraft:oak_sign":11,"minecraft:diamond_leggings":2,"minecraft:gold_nugget":15,"lucky:lucky_sword":4,"minecraft:comparator":8,"minecraft:bucket":6,"minecraft:light_weighted_pressure_plate":4,"minecraft:redstone_torch":21,"minecraft:ender_eye":42,"minecraft:wooden_shovel":4,"minecraft:iron_pickaxe":2,"minecraft:enchanted_golden_apple":1,"minecraft:iron_boots":2,"minecraft:stick":21,"minecraft:jukebox":3,"minecraft:brown_terracotta":3,"minecraft:oak_fence":14,"minecraft:acacia_log":3,"minecraft:porkchop":59,"minecraft:golden_axe":2,"minecraft:shulker_spawn_egg":1,"minecraft:pink_terracotta":10,"minecraft:green_terracotta":7,"minecraft:rabbit_foot":7,"minecraft:quartz_block":37,"minecraft:phantom_spawn_egg":1,"minecraft:rotten_flesh":10,"minecraft:blue_glazed_terracotta":1,"minecraft:tropical_fish":1,"minecraft:music_disc_ward":2,"minecraft:iron_block":2,"minecraft:cyan_terracotta":11,"minecraft:bookshelf":12,"minecraft:white_terracotta":7,"minecraft:blaze_rod":8,"minecraft:obsidian":82,"minecraft:iron_bars":164,"minecraft:cod":6,"minecraft:blaze_powder":8,"minecraft:cobblestone":46,"minecraft:sponge":1,"minecraft:birch_log":2,"minecraft:enchanting_table":3,"minecraft:leather_chestplate":1,"minecraft:feather":1,"minecraft:magma_cream":7,"minecraft:repeater":21,"minecraft:iron_door":2,"minecraft:water_bucket":2,"minecraft:jungle_log":1,"minecraft:beacon":4,"minecraft:potato":384,"lucky:lucky_block":74,"minecraft:map":1,"minecraft:lapis_lazuli":119,"minecraft:magenta_terracotta":1,"minecraft:dirt":9,"minecraft:leather_boots":1,"minecraft:glass":4,"minecraft:bone":6,"minecraft:chipped_anvil":2,"minecraft:gray_terracotta":4,"minecraft:bow":4,"minecraft:rabbit":17,"minecraft:diamond_helmet":1,"minecraft:llama_spawn_egg":2,"minecraft:prismarine":70,"minecraft:oak_planks":8,"minecraft:lime_glazed_terracotta":2,"minecraft:vindicator_spawn_egg":1,"minecraft:ghast_tear":13,"minecraft:black_terracotta":5,"minecraft:cooked_porkchop":4,"minecraft:music_disc_13":4,"minecraft:poisonous_potato":101,"minecraft:lime_terracotta":1,"minecraft:oak_pressure_plate":5,"minecraft:dropper":22,"minecraft:diamond_block":1,"minecraft:fermented_spider_eye":8,"minecraft:red_terracotta":6,"minecraft:light_gray_terracotta":3,"minecraft:dispenser":5,"minecraft:snow_golem_spawn_egg":1,"minecraft:blue_terracotta":9,"minecraft:sugar":10,"minecraft:light_blue_terracotta":5,"minecraft:diamond":186,"minecraft:slime_block":116,"minecraft:lever":13,"minecraft:crossbow":2,"minecraft:golden_apple":3,"minecraft:chainmail_helmet":4,"minecraft:golden_horse_armor":5,"minecraft:emerald":87,"minecraft:bread":3,"minecraft:jack_o_lantern":52,"minecraft:nether_star":3,"minecraft:diamond_pickaxe":2,"minecraft:magenta_glazed_terracotta":1,"minecraft:fishing_rod":1,"minecraft:blaze_spawn_egg":2,"minecraft:dolphin_spawn_egg":1,"minecraft:allium":11,"minecraft:azure_bluet":8,"minecraft:purple_wool":1,"minecraft:splash_potion":9,"minecraft:chicken":29,"minecraft:nether_wart":12,"minecraft:leather_leggings":1,"minecraft:redstone_lamp":15,"minecraft:golden_pickaxe":2,"minecraft:wooden_pickaxe":7,"minecraft:pink_wool":3,"minecraft:cooked_rabbit":3,"minecraft:gold_block":5,"minecraft:diamond_horse_armor":6,"minecraft:heavy_weighted_pressure_plate":4,"minecraft:oak_trapdoor":8,"minecraft:wooden_sword":7,"minecraft:quartz_slab":7,"minecraft:blue_orchid":29,"minecraft:player_head":1,"minecraft:cyan_wool":1,"minecraft:poppy":18,"minecraft:light_gray_wool":1,"minecraft:chest":4,"minecraft:quartz_stairs":13,"minecraft:piston":18,"minecraft:diamond_hoe":1,"minecraft:sandstone":36,"minecraft:oak_door":3,"minecraft:note_block":2,"minecraft:cake":7,"minecraft:stone_button":11,"minecraft:cookie":32,"minecraft:trident":2,"minecraft:redstone":174,"minecraft:prismarine_crystals":156,"minecraft:iron_horse_armor":5,"minecraft:stone_pressure_plate":7,"minecraft:tnt":32,"minecraft:arrow":36,"minecraft:diamond_chestplate":2,"minecraft:allay_spawn_egg":1,"minecraft:pink_glazed_terracotta":2,"minecraft:pumpkin_pie":8,"minecraft:golden_hoe":2,"minecraft:diamond_boots":2,"minecraft:hay_block":56,"minecraft:yellow_terracotta":2,"minecraft:pink_tulip":8,"minecraft:glistering_melon_slice":10,"minecraft:saddle":4,"minecraft:gold_ingot":180,"minecraft:turtle_spawn_egg":1,"minecraft:mutton":24,"minecraft:wet_sponge":1,"minecraft:white_wool":1,"minecraft:oxeye_daisy":14,"minecraft:clock":1,"minecraft:tripwire_hook":10,"minecraft:salmon":9,"minecraft:leather":2,"minecraft:red_glazed_terracotta":1,"minecraft:end_portal_frame":1,"minecraft:mushroom_stew":1,"minecraft:chainmail_chestplate":3,"minecraft:oak_log":6,"minecraft:yellow_glazed_terracotta":3,"minecraft:gunpowder":1,"minecraft:cobblestone_stairs":55,"minecraft:wooden_hoe":3,"minecraft:paper":4,"lucky:lucky_bow":6,"minecraft:cooked_mutton":8,"minecraft:orange_terracotta":2,"minecraft:apple":3,"minecraft:stone_bricks":25,"minecraft:rabbit_hide":5,"minecraft:music_disc_far":5,"minecraft:iron_ingot":66,"minecraft:oak_fence_gate":4,"minecraft:stone_pickaxe":1,"minecraft:cooked_chicken":10,"minecraft:iron_sword":2,"minecraft:music_disc_chirp":1,"minecraft:book":31,"minecraft:milk_bucket":6,"minecraft:nether_quartz_ore":28,"minecraft:pumpkin":48,"minecraft:daylight_detector":4,"minecraft:red_wool":2,"minecraft:quartz":40,"minecraft:dandelion":11,"minecraft:light_blue_glazed_terracotta":1,"minecraft:lava_bucket":1,"minecraft:dragon_egg":2,"minecraft:sea_lantern":22,"minecraft:spider_eye":12,"minecraft:music_disc_mall":1,"minecraft:stone_axe":1,"minecraft:purple_glazed_terracotta":1,"minecraft:chainmail_leggings":1,"minecraft:diamond_axe":2,"minecraft:painting":4,"minecraft:oak_button":9,"minecraft:baked_potato":192,"minecraft:hopper":11,"minecraft:ender_pearl":63},"minecraft:used":{"minecraft:jack_o_lantern":51,"minecraft:blue_terracotta":1,"minecraft:dispenser":2,"minecraft:diamond_hoe":3,"minecraft:oak_sign":3,"minecraft:chest":6,"minecraft:white_terracotta":7,"minecraft:iron_sword":17,"minecraft:quartz_stairs":14,"minecraft:green_terracotta":5,"minecraft:orange_glazed_terracotta":2,"minecraft:obsidian":259,"minecraft:milk_bucket":1,"minecraft:glass":1,"minecraft:cyan_terracotta":1,"minecraft:lava_bucket":3,"minecraft:red_wool":1,"minecraft:quartz_slab":5,"lucky:lucky_block":75,"minecraft:quartz_block":34,"minecraft:wet_sponge":1,"minecraft:music_disc_chirp":1,"minecraft:pink_wool":2,"minecraft:stone_bricks":18,"minecraft:dolphin_spawn_egg":1,"minecraft:redstone_lamp":9,"minecraft:hay_block":3,"minecraft:yellow_glazed_terracotta":2,"lucky:lucky_potion":1,"minecraft:lime_glazed_terracotta":2,"minecraft:leather_leggings":1,"minecraft:dropper":14,"minecraft:stone_pickaxe":9,"minecraft:prismarine":63,"minecraft:oak_planks":2,"minecraft:ender_pearl":4,"minecraft:wooden_pickaxe":6,"minecraft:leather_chestplate":1,"minecraft:sandstone":33,"minecraft:chainmail_helmet":2,"minecraft:diamond_axe":2,"minecraft:light_gray_terracotta":1,"minecraft:sponge":1,"minecraft:note_block":1,"minecraft:black_terracotta":2,"minecraft:daylight_detector":1,"minecraft:music_disc_mall":1,"minecraft:bread":1,"minecraft:red_terracotta":6,"minecraft:wooden_sword":30,"minecraft:diamond_sword":161,"minecraft:chainmail_boots":2,"minecraft:cooked_rabbit":2,"minecraft:oak_trapdoor":1,"minecraft:trident":1,"minecraft:iron_bars":13,"minecraft:enchanting_table":1,"minecraft:armor_stand":1,"minecraft:light_blue_terracotta":5,"minecraft:ender_chest":1,"minecraft:cooked_chicken":2,"minecraft:dirt":8,"minecraft:nether_quartz_ore":1,"minecraft:chainmail_chestplate":1,"minecraft:brown_terracotta":3,"minecraft:wooden_axe":3,"minecraft:sea_lantern":23,"minecraft:slime_block":122,"minecraft:diamond_chestplate":1,"minecraft:iron_trapdoor":3,"minecraft:magenta_terracotta":1,"minecraft:orange_terracotta":2,"minecraft:pumpkin":48,"minecraft:cooked_mutton":3,"minecraft:water_bucket":15,"minecraft:cobblestone_stairs":46,"minecraft:pink_glazed_terracotta":2,"minecraft:baked_potato":3,"lucky:lucky_sword":37,"minecraft:beacon":2,"minecraft:leather_boots":1,"minecraft:snow_golem_spawn_egg":1,"minecraft:crafting_table":2,"minecraft:cake":1,"minecraft:piston":13,"minecraft:diamond_pickaxe":309,"minecraft:apple":2,"minecraft:oak_button":2,"minecraft:iron_pickaxe":171,"minecraft:yellow_wool":8,"minecraft:stone_axe":2,"minecraft:fishing_rod":1,"minecraft:cobblestone":191,"minecraft:porkchop":7,"minecraft:bucket":7,"minecraft:end_portal_frame":17,"minecraft:jukebox":2,"minecraft:diamond_leggings":1},"minecraft:killed_by":{"minecraft:rabbit":3,"minecraft:skeleton":5},"minecraft:crafted":{"minecraft:oak_planks":16,"minecraft:chest":2,"minecraft:crafting_table":1,"minecraft:gold_block":7,"minecraft:diamond_pickaxe":1,"minecraft:stick":4,"minecraft:iron_ingot":18,"minecraft:diamond":9,"minecraft:acacia_planks":12,"minecraft:lapis_lazuli":18},"minecraft:custom":{"minecraft:interact_with_crafting_table":4,"minecraft:eat_cake_slice":7,"minecraft:leave_game":10,"minecraft:time_since_death":1691,"minecraft:sprint_one_cm":140126,"minecraft:drop":264,"minecraft:talked_to_villager":10,"minecraft:play_time":155535,"minecraft:deaths":34,"minecraft:jump":633,"minecraft:walk_on_water_one_cm":16698,"minecraft:play_record":2,"minecraft:open_enderchest":43,"minecraft:damage_dealt":7287,"minecraft:interact_with_beacon":10,"minecraft:crouch_one_cm":57469,"minecraft:inspect_dispenser":1,"minecraft:horse_one_cm":1174,"minecraft:inspect_dropper":12,"minecraft:mob_kills":39,"minecraft:walk_one_cm":294440,"minecraft:sneak_time":20281,"minecraft:walk_under_water_one_cm":29912,"minecraft:total_world_time":155535,"minecraft:time_since_rest":1733,"minecraft:damage_taken":13964,"minecraft:swim_one_cm":5121,"minecraft:fly_one_cm":254601,"minecraft:open_chest":46,"minecraft:fall_one_cm":26820},"minecraft:dropped":{"minecraft:shulker_spawn_egg":1,"minecraft:daylight_detector":3,"minecraft:vindicator_spawn_egg":1,"minecraft:llama_spawn_egg":2,"minecraft:lapis_lazuli":9,"minecraft:oak_pressure_plate":3,"minecraft:golden_pickaxe":2,"minecraft:purple_glazed_terracotta":1,"minecraft:nether_star":1,"minecraft:lime_terracotta":1,"minecraft:turtle_spawn_egg":1,"minecraft:iron_horse_armor":1,"minecraft:cobblestone_stairs":1,"minecraft:cod":3,"minecraft:light_weighted_pressure_plate":2,"minecraft:emerald":10,"minecraft:cyan_terracotta":5,"minecraft:redstone_lamp":1,"minecraft:stone_button":6,"minecraft:dispenser":2,"minecraft:mutton":3,"minecraft:blaze_spawn_egg":1,"minecraft:wooden_sword":2,"minecraft:gold_nugget":10,"lucky:lucky_bow":1,"minecraft:sugar":1,"minecraft:glistering_melon_slice":7,"minecraft:fermented_spider_eye":7,"minecraft:gold_ingot":7,"minecraft:bone":1,"minecraft:oak_door":1,"minecraft:red_glazed_terracotta":1,"minecraft:note_block":1,"minecraft:pink_terracotta":10,"minecraft:lever":6,"minecraft:obsidian":10,"minecraft:black_terracotta":3,"minecraft:rotten_flesh":4,"minecraft:oak_planks":2,"minecraft:blaze_powder":5,"minecraft:music_disc_far":2,"minecraft:golden_shovel":1,"minecraft:azure_bluet":8,"minecraft:rabbit_foot":6,"minecraft:rabbit_hide":5,"minecraft:poppy":12,"minecraft:oak_fence_gate":1,"minecraft:leather_chestplate":1,"minecraft:sea_lantern":5,"minecraft:gunpowder":1,"minecraft:heavy_weighted_pressure_plate":3,"minecraft:dropper":5,"minecraft:hopper":4,"minecraft:leather_boots":1,"minecraft:leather_leggings":1,"minecraft:painting":4,"minecraft:iron_bars":32,"minecraft:glass":4,"minecraft:ghast_tear":6,"minecraft:splash_potion":7,"minecraft:water_bucket":2,"minecraft:tnt":8,"minecraft:golden_horse_armor":1,"minecraft:poisonous_potato":69,"minecraft:prismarine_shard":40,"minecraft:oak_fence":9,"minecraft:golden_axe":1,"minecraft:yellow_terracotta":2,"minecraft:cobblestone":3,"minecraft:pufferfish":1,"minecraft:oxeye_daisy":10,"minecraft:lava_bucket":1,"minecraft:diamond_horse_armor":2,"minecraft:iron_trapdoor":6,"minecraft:repeater":8,"minecraft:wooden_axe":2,"minecraft:rabbit":14,"minecraft:yellow_glazed_terracotta":1,"minecraft:iron_door":1,"minecraft:potion":3,"minecraft:blue_glazed_terracotta":1,"minecraft:golden_hoe":1,"minecraft:magenta_glazed_terracotta":1,"minecraft:tripwire_hook":6,"minecraft:dandelion":9,"minecraft:redstone":63,"minecraft:pink_tulip":3,"minecraft:blue_terracotta":8,"minecraft:oak_trapdoor":6,"minecraft:green_terracotta":2,"minecraft:light_blue_glazed_terracotta":1,"minecraft:player_head":1,"minecraft:nether_wart":8,"minecraft:blaze_rod":1,"minecraft:allay_spawn_egg":1,"minecraft:light_gray_terracotta":2,"minecraft:sticky_piston":12,"minecraft:light_gray_wool":1,"minecraft:comparator":2,"minecraft:slime_block":14,"minecraft:phantom_spawn_egg":1,"minecraft:ender_eye":7,"minecraft:oak_sign":2,"minecraft:diamond_sword":1,"minecraft:gray_terracotta":4,"minecraft:oak_button":2,"minecraft:allium":9,"minecraft:dragon_egg":1,"minecraft:diamond_pickaxe":1,"minecraft:quartz_stairs":1,"minecraft:cake":1,"minecraft:wooden_shovel":1,"minecraft:end_portal_frame":1,"minecraft:golden_sword":1,"minecraft:redstone_torch":8,"minecraft:stone_pressure_plate":2,"minecraft:spider_eye":10,"minecraft:stone_bricks":7,"minecraft:sandstone":2,"minecraft:blue_orchid":19,"minecraft:wooden_pickaxe":4,"minecraft:magma_cream":5},"minecraft:mined":{"minecraft:cobblestone_stairs":36,"minecraft:orange_wool":1,"minecraft:obsidian":31,"minecraft:grass_block":1,"minecraft:fire":1,"minecraft:pumpkin":1,"minecraft:oak_sign":3,"minecraft:iron_bars":129,"minecraft:iron_block":4,"minecraft:quartz_block":2,"minecraft:beacon":1,"minecraft:chest":4,"minecraft:glass":6,"minecraft:cobblestone":23,"minecraft:slime_block":170,"minecraft:prismarine":3,"minecraft:oak_planks":2,"minecraft:light_blue_terracotta":1,"minecraft:yellow_wool":7,"minecraft:lapis_block":2,"minecraft:magenta_glazed_terracotta":1,"minecraft:tnt":4,"minecraft:yellow_glazed_terracotta":2,"minecraft:grass":4,"minecraft:oak_log":6,"minecraft:dirt":4,"minecraft:redstone_lamp":1,"minecraft:purple_glazed_terracotta":1,"minecraft:jack_o_lantern":2,"minecraft:sea_lantern":1,"minecraft:light_blue_glazed_terracotta":1,"minecraft:sandstone":38,"minecraft:hay_block":1,"minecraft:diamond_block":1,"minecraft:gold_block":5,"minecraft:wet_sponge":1,"minecraft:blue_glazed_terracotta":1,"lucky:lucky_block":420,"minecraft:stone":39,"minecraft:pink_glazed_terracotta":2,"minecraft:orange_glazed_terracotta":2,"minecraft:oak_fence":10,"minecraft:dropper":7,"minecraft:red_glazed_terracotta":1,"minecraft:lime_glazed_terracotta":2,"minecraft:oak_button":1,"minecraft:stone_bricks":26,"minecraft:chipped_anvil":2,"minecraft:iron_trapdoor":2},"minecraft:killed":{"minecraft:zombie_horse":1,"minecraft:silverfish":3,"minecraft:skeleton_horse":2,"minecraft:pig":11,"minecraft:strider":1,"minecraft:creeper":1,"minecraft:sheep":7,"minecraft:horse":1,"minecraft:rabbit":5}},"DataVersion":3578}