{"stats":{"minecraft:picked_up":{"minecraft:pumpkin":3,"minecraft:raw_iron":21,"minecraft:crafting_table":3,"minecraft:cooked_beef":2,"minecraft:feather":2,"minecraft:chicken":2,"minecraft:cooked_porkchop":6,"minecraft:chest_minecart":1,"minecraft:leather":2,"minecraft:porkchop":8,"minecraft:oak_log":36,"minecraft:white_bed":4,"minecraft:dirt":1,"minecraft:stone_sword":1,"minecraft:orange_tulip":1,"minecraft:wheat_seeds":3,"minecraft:hay_block":6,"minecraft:beef":1,"minecraft:oak_boat":2,"minecraft:oak_sapling":2,"minecraft:coal":39,"minecraft:mutton":1,"minecraft:white_wool":10,"minecraft:cobblestone":31},"minecraft:custom":{"minecraft:time_since_rest":771,"minecraft:interact_with_furnace":19,"minecraft:sprint_one_cm":158537,"minecraft:damage_taken":681,"minecraft:walk_one_cm":222340,"minecraft:mob_kills":7,"minecraft:drop":4,"minecraft:damage_dealt":890,"minecraft:traded_with_villager":4,"minecraft:swim_one_cm":3580,"minecraft:talked_to_villager":2,"minecraft:interact_with_crafting_table":7,"minecraft:fly_one_cm":63948,"minecraft:play_time":72601,"minecraft:deaths":2,"minecraft:sneak_time":42,"minecraft:walk_under_water_one_cm":6085,"minecraft:boat_one_cm":72930,"minecraft:jump":568,"minecraft:leave_game":2,"minecraft:time_since_death":673,"minecraft:walk_on_water_one_cm":15653,"minecraft:sleep_in_bed":3,"minecraft:total_world_time":72601,"minecraft:fall_one_cm":8970},"minecraft:used":{"minecraft:stone_sword":26,"minecraft:stone_pickaxe":69,"minecraft:wooden_pickaxe":20,"minecraft:cooked_chicken":4,"minecraft:torch":36,"minecraft:cobblestone":1,"minecraft:crafting_table":3,"minecraft:furnace":1,"minecraft:cooked_porkchop":2,"minecraft:oak_boat":1,"minecraft:white_bed":3,"minecraft:cooked_beef":2},"minecraft:crafted":{"minecraft:oak_boat":1,"minecraft:oak_planks":128,"minecraft:wooden_shovel":3,"minecraft:stone_shovel":1,"minecraft:emerald":4,"minecraft:cooked_porkchop":12,"minecraft:stick":200,"minecraft:wooden_pickaxe":1,"minecraft:cooked_chicken":4,"minecraft:stone_pickaxe":2,"minecraft:stone_sword":1,"minecraft:furnace":1,"minecraft:white_bed":1,"minecraft:torch":36,"minecraft:air":0,"minecraft:wheat":54},"minecraft:killed":{"minecraft:pig":4,"minecraft:chicken":2,"minecraft:cow":1},"minecraft:dropped":{"minecraft:stone_sword":1,"minecraft:cooked_porkchop":12,"minecraft:white_bed":1},"minecraft:mined":{"minecraft:hay_block":7,"minecraft:white_bed":3,"minecraft:iron_ore":20,"minecraft:birch_leaves":1,"minecraft:crafting_table":2,"minecraft:short_grass":14,"minecraft:coal_ore":39,"minecraft:grass_block":2,"minecraft:oak_log":37,"minecraft:tall_grass":1,"minecraft:cobblestone":1,"minecraft:stone":24,"minecraft:oak_leaves":5}},"DataVersion":3953}