{"stats":{"minecraft:killed_by":{"minecraft:player":1,"minecraft:creeper":1},"minecraft:picked_up":{"minecraft:iron_chestplate":2,"minecraft:wheat":7,"minecraft:chicken":16,"minecraft:diamond_sword":1,"minecraft:stone_brick_stairs":49,"minecraft:shield":2,"minecraft:string":6,"minecraft:raw_copper":7,"minecraft:iron_axe":1,"minecraft:iron_leggings":2,"minecraft:cobbled_deepslate":133,"minecraft:beef":6,"minecraft:oak_boat":2,"minecraft:iron_pickaxe":2,"minecraft:light_gray_wool":1,"minecraft:sugar_cane":8,"minecraft:iron_boots":2,"minecraft:egg":4,"minecraft:stick":17,"minecraft:raw_iron":89,"minecraft:oak_door":4,"minecraft:torch":16,"minecraft:porkchop":13,"minecraft:diorite":1,"minecraft:carrot":5,"minecraft:redstone":48,"minecraft:arrow":30,"minecraft:rotten_flesh":18,"minecraft:mutton":36,"minecraft:white_wool":21,"minecraft:cobblestone":185,"minecraft:feather":18,"minecraft:glow_ink_sac":14,"minecraft:andesite":2,"minecraft:jungle_log":9,"minecraft:brown_wool":1,"minecraft:leather":4,"minecraft:potato":7,"minecraft:flint":2,"minecraft:tuff":8,"minecraft:oak_log":163,"minecraft:gunpowder":3,"minecraft:lapis_lazuli":119,"minecraft:dirt":117,"minecraft:cooked_mutton":13,"minecraft:bone":21,"minecraft:apple":3,"minecraft:bow":4,"minecraft:wheat_seeds":53,"minecraft:raw_gold":4,"minecraft:stone_pickaxe":1,"minecraft:iron_ingot":67,"minecraft:cooked_chicken":10,"minecraft:diamond_helmet":1,"minecraft:acacia_sapling":2,"minecraft:iron_sword":2,"minecraft:oak_planks":32,"minecraft:gravel":10,"minecraft:sand":78,"minecraft:spruce_sapling":4,"minecraft:spider_eye":2,"minecraft:diamond":129,"minecraft:iron_helmet":1,"minecraft:granite":19,"minecraft:gray_wool":1,"minecraft:bread":12,"minecraft:oak_sapling":15,"minecraft:black_wool":1,"minecraft:coal":238,"minecraft:diamond_pickaxe":1},"minecraft:dropped":{"minecraft:iron_ingot":180,"minecraft:torch":52,"minecraft:filled_map":1},"minecraft:used":{"minecraft:stone_sword":21,"minecraft:iron_shovel":105,"minecraft:chest":4,"minecraft:shield":116,"minecraft:iron_sword":163,"minecraft:cooked_chicken":35,"minecraft:oak_door":6,"minecraft:iron_chestplate":1,"minecraft:torch":307,"minecraft:dirt":65,"minecraft:mutton":13,"minecraft:carrot":22,"minecraft:tuff":6,"minecraft:granite":2,"minecraft:glass":35,"minecraft:iron_hoe":113,"minecraft:iron_axe":153,"minecraft:iron_helmet":1,"minecraft:iron_boots":1,"minecraft:stone_brick_stairs":38,"minecraft:bow":7,"minecraft:oak_sapling":5,"minecraft:furnace":3,"minecraft:egg":2,"minecraft:potato":9,"minecraft:cooked_beef":4,"minecraft:cobbled_deepslate":57,"minecraft:iron_leggings":1,"minecraft:wheat_seeds":53,"minecraft:cooked_mutton":21,"minecraft:water_bucket":29,"minecraft:diamond_boots":1,"minecraft:stone_pickaxe":187,"minecraft:oak_planks":359,"minecraft:wooden_pickaxe":8,"minecraft:crafting_table":1,"minecraft:white_bed":1,"minecraft:oak_log":34,"minecraft:diamond_pickaxe":60,"minecraft:bread":7,"minecraft:iron_pickaxe":474,"minecraft:oak_pressure_plate":1,"minecraft:stone_axe":19,"minecraft:diamond_sword":20,"minecraft:cobblestone":37,"minecraft:porkchop":4,"minecraft:cooked_porkchop":1,"minecraft:bucket":29,"minecraft:oak_boat":3,"minecraft:diamond_leggings":1},"minecraft:custom":{"minecraft:mob_kills":85,"minecraft:interact_with_crafting_table":30,"minecraft:leave_game":13,"minecraft:time_since_death":55290,"minecraft:climb_one_cm":3656,"minecraft:sprint_one_cm":1191800,"minecraft:walk_one_cm":551508,"minecraft:damage_blocked_by_shield":2148,"minecraft:drop":13,"minecraft:play_time":276816,"minecraft:deaths":3,"minecraft:sneak_time":7867,"minecraft:walk_under_water_one_cm":23453,"minecraft:boat_one_cm":74720,"minecraft:jump":7261,"minecraft:walk_on_water_one_cm":84852,"minecraft:total_world_time":276816,"minecraft:interact_with_furnace":54,"minecraft:sleep_in_bed":12,"minecraft:time_since_rest":49951,"minecraft:damage_taken":3322,"minecraft:damage_dealt":9120,"minecraft:swim_one_cm":229979,"minecraft:fly_one_cm":1399095,"minecraft:open_chest":107,"minecraft:crouch_one_cm":21538,"minecraft:fall_one_cm":199453},"minecraft:killed":{"minecraft:spider":2,"minecraft:skeleton":13,"minecraft:chicken":16,"minecraft:pig":7,"minecraft:creeper":1,"minecraft:sheep":24,"minecraft:zombie":16,"minecraft:cow":3},"minecraft:crafted":{"minecraft:oak_door":3,"minecraft:oak_planks":516,"minecraft:oak_pressure_plate":1,"minecraft:furnace":3,"minecraft:cooked_mutton":21,"minecraft:glass":72,"minecraft:diamond_helmet":1,"minecraft:diamond_leggings":1,"minecraft:iron_boots":1,"minecraft:iron_axe":2,"minecraft:iron_hoe":1,"minecraft:stone_pickaxe":2,"minecraft:chest":4,"minecraft:diamond_boots":1,"minecraft:cooked_beef":4,"minecraft:diamond_sword":1,"minecraft:cooked_porkchop":1,"minecraft:crafting_table":1,"minecraft:wooden_pickaxe":1,"minecraft:iron_helmet":1,"minecraft:iron_sword":1,"minecraft:bucket":1,"minecraft:stone_axe":1,"minecraft:air":0,"minecraft:oak_boat":1,"minecraft:iron_chestplate":1,"minecraft:diamond_pickaxe":1,"minecraft:shield":1,"minecraft:stick":104,"minecraft:iron_ingot":80,"minecraft:iron_pickaxe":2,"minecraft:stone_sword":1,"minecraft:iron_shovel":1,"minecraft:iron_leggings":1,"minecraft:white_bed":1,"minecraft:torch":384,"minecraft:diamond_chestplate":1},"minecraft:mined":{"minecraft:tuff":9,"minecraft:oak_sapling":1,"minecraft:farmland":2,"minecraft:deepslate_diamond_ore":92,"minecraft:oak_door":4,"minecraft:jungle_leaves":56,"minecraft:granite":19,"minecraft:grass_block":104,"minecraft:jungle_log":9,"minecraft:spruce_leaves":31,"minecraft:carrots":1,"minecraft:iron_ore":73,"minecraft:cobbled_deepslate":1,"minecraft:andesite":2,"minecraft:deepslate_lapis_ore":7,"minecraft:potatoes":3,"minecraft:deepslate_iron_ore":13,"minecraft:stone":143,"minecraft:deepslate_redstone_ore":5,"minecraft:torch":3,"minecraft:short_grass":184,"minecraft:glass":1,"minecraft:tall_grass":50,"minecraft:copper_ore":2,"minecraft:cobblestone":35,"minecraft:lapis_ore":2,"minecraft:sugar_cane":3,"minecraft:oak_planks":14,"minecraft:diorite":1,"minecraft:wall_torch":3,"minecraft:wheat":12,"minecraft:birch_leaves":1,"minecraft:stone_brick_stairs":4,"minecraft:oak_log":163,"minecraft:coal_ore":223,"minecraft:gravel":12,"minecraft:sand":78,"minecraft:dirt":12,"minecraft:gold_ore":4,"minecraft:oak_leaves":12,"minecraft:deepslate":89},"minecraft:broken":{"minecraft:stone_pickaxe":1,"minecraft:iron_pickaxe":1}},"DataVersion":3953}