{"stats":{"minecraft:used":{"minecraft:iron_shovel":783,"minecraft:dispenser":7,"minecraft:ladder":7,"minecraft:poppy":2,"minecraft:chest":21,"minecraft:iron_sword":357,"minecraft:rotten_flesh":37,"minecraft:iron_chestplate":1,"minecraft:birch_pressure_plate":2,"minecraft:deepslate_brick_slab":70,"minecraft:tuff":11,"minecraft:jungle_sapling":4,"minecraft:glass":29,"minecraft:lava_bucket":1,"minecraft:hopper_minecart":2,"minecraft:stone_brick_stairs":155,"minecraft:birch_button":1,"minecraft:repeater":3,"minecraft:magma_block":1,"minecraft:bow":18,"minecraft:warped_fungus":1,"minecraft:furnace":6,"minecraft:oak_sapling":4,"minecraft:egg":20,"minecraft:deepslate_brick_wall":1,"minecraft:diorite":3,"minecraft:stone_pickaxe":913,"minecraft:oak_planks":467,"minecraft:wooden_pickaxe":59,"minecraft:sand":17,"minecraft:cobbled_deepslate_stairs":29,"minecraft:redstone_torch":7,"minecraft:lever":4,"minecraft:bread":69,"minecraft:string":1,"minecraft:gravel":10,"minecraft:andesite":23,"minecraft:oak_boat":15,"minecraft:rose_bush":8,"minecraft:stone_sword":271,"minecraft:stone_shovel":868,"minecraft:redstone":42,"minecraft:cooked_chicken":89,"minecraft:netherrack":16,"minecraft:oak_door":6,"minecraft:torch":386,"minecraft:dirt":1267,"minecraft:warped_wart_block":2,"minecraft:anvil":1,"minecraft:white_carpet":1,"minecraft:hopper":35,"minecraft:granite":6,"minecraft:iron_hoe":153,"minecraft:iron_axe":600,"minecraft:light_weighted_pressure_plate":1,"minecraft:chicken_spawn_egg":31,"minecraft:iron_boots":2,"minecraft:smooth_basalt":3,"minecraft:beef":1,"minecraft:cooked_beef":1,"minecraft:cobbled_deepslate":371,"minecraft:observer":8,"minecraft:iron_leggings":1,"minecraft:calcite":2,"minecraft:wheat_seeds":147,"minecraft:cooked_mutton":24,"minecraft:water_bucket":11,"minecraft:amethyst_block":149,"minecraft:stonecutter":1,"minecraft:leather_boots":1,"minecraft:cobblestone_slab":12,"minecraft:warped_roots":1,"minecraft:comparator":2,"minecraft:rail":4,"minecraft:oak_slab":2,"minecraft:crafting_table":30,"minecraft:white_bed":15,"minecraft:warped_planks":4,"minecraft:apple":26,"minecraft:oxeye_daisy":1,"minecraft:warped_trapdoor":3,"minecraft:chicken":2,"minecraft:iron_pickaxe":1600,"minecraft:map":1,"minecraft:leather_helmet":1,"minecraft:stone_axe":264,"minecraft:cobblestone":189,"minecraft:cobbled_deepslate_slab":53,"minecraft:white_banner":3,"minecraft:cooked_porkchop":6,"minecraft:bucket":17,"minecraft:glass_pane":56,"minecraft:dandelion":2},"minecraft:dropped":{"minecraft:iron_sword":2,"minecraft:diamond_axe":1,"minecraft:cooked_beef":2,"minecraft:oak_log":64,"minecraft:crafting_table":1,"minecraft:dark_oak_sapling":10,"minecraft:glow_berries":4,"minecraft:warped_roots":3,"minecraft:light_weighted_pressure_plate":1,"minecraft:dirt":49,"minecraft:dark_oak_log":1,"minecraft:mutton":2,"minecraft:seagrass":3,"minecraft:sunflower":1,"minecraft:iron_pickaxe":1,"minecraft:dark_oak_planks":1,"minecraft:white_wool":10,"minecraft:bone":2,"minecraft:gravel":2,"minecraft:cooked_chicken":22,"minecraft:detector_rail":2,"minecraft:cobbled_deepslate":23,"minecraft:pointed_dripstone":2,"minecraft:rotten_flesh":6,"minecraft:oak_planks":123,"minecraft:cooked_mutton":13,"minecraft:spruce_slab":3,"minecraft:stone_brick_stairs":46,"minecraft:netherrack":6,"minecraft:egg":1,"minecraft:bread":14,"minecraft:iron_ingot":74,"minecraft:wheat_seeds":8,"minecraft:cobblestone":136,"minecraft:iron_helmet":1,"minecraft:spruce_stairs":1,"minecraft:stick":2,"minecraft:gray_wool":2,"minecraft:iron_leggings":1,"minecraft:string":1,"minecraft:smooth_basalt":1,"minecraft:acacia_planks":12,"minecraft:tuff":3,"minecraft:stone_shovel":1,"minecraft:chicken":37,"minecraft:iron_boots":1,"minecraft:deepslate_bricks":3,"minecraft:filled_map":1,"minecraft:cobblestone_slab":2,"minecraft:stone":73,"minecraft:shield":1,"minecraft:iron_chestplate":1,"minecraft:oak_sapling":3,"minecraft:stone_pickaxe":3},"minecraft:killed_by":{"minecraft:zombie":1,"minecraft:enderman":1,"minecraft:iron_golem":1},"minecraft:custom":{"minecraft:animals_bred":97,"minecraft:interact_with_crafting_table":138,"minecraft:bell_ring":2,"minecraft:leave_game":38,"minecraft:time_since_death":279818,"minecraft:sprint_one_cm":2980200,"minecraft:drop":198,"minecraft:talked_to_villager":6,"minecraft:play_time":907668,"minecraft:deaths":9,"minecraft:jump":18629,"minecraft:walk_on_water_one_cm":136547,"minecraft:interact_with_furnace":197,"minecraft:sleep_in_bed":48,"minecraft:damage_dealt":22553,"minecraft:player_kills":2,"minecraft:crouch_one_cm":74328,"minecraft:inspect_dispenser":82,"minecraft:interact_with_anvil":1,"minecraft:mob_kills":118,"minecraft:inspect_hopper":95,"minecraft:climb_one_cm":7285,"minecraft:walk_one_cm":1664162,"minecraft:sneak_time":30916,"minecraft:walk_under_water_one_cm":62193,"minecraft:boat_one_cm":575856,"minecraft:total_world_time":907668,"minecraft:interact_with_stonecutter":12,"minecraft:time_since_rest":32151,"minecraft:damage_taken":9646,"minecraft:swim_one_cm":129961,"minecraft:fly_one_cm":3765869,"minecraft:open_chest":484,"minecraft:fall_one_cm":601622},"minecraft:picked_up":{"minecraft:seagrass":3,"minecraft:iron_chestplate":5,"minecraft:wheat":15,"minecraft:lead":31,"minecraft:nether_brick":2,"minecraft:stone_brick_stairs":14,"minecraft:amethyst_block":195,"minecraft:string":40,"minecraft:raw_copper":9,"minecraft:iron_leggings":5,"minecraft:gold_nugget":10,"minecraft:cobbled_deepslate":1082,"minecraft:bucket":1,"minecraft:light_weighted_pressure_plate":4,"minecraft:rose_bush":9,"minecraft:redstone_torch":5,"minecraft:cobblestone_slab":46,"minecraft:calcite":20,"minecraft:iron_pickaxe":2,"minecraft:melon_slice":75,"minecraft:iron_boots":2,"minecraft:furnace":4,"minecraft:golden_helmet":1,"minecraft:stick":166,"minecraft:deepslate_brick_wall":1,"minecraft:torch":296,"minecraft:spruce_stairs":1,"minecraft:porkchop":30,"minecraft:pointed_dripstone":2,"minecraft:diorite":12,"minecraft:stone_sword":2,"minecraft:rotten_flesh":37,"minecraft:obsidian":4,"minecraft:cobblestone":1228,"minecraft:birch_log":129,"minecraft:magma_block":1,"minecraft:feather":42,"minecraft:cooked_beef":1,"minecraft:repeater":1,"minecraft:andesite":57,"minecraft:birch_slab":4,"minecraft:jungle_log":56,"minecraft:flint":6,"minecraft:tuff":41,"minecraft:warped_trapdoor":1,"minecraft:lapis_lazuli":141,"minecraft:dirt":1902,"minecraft:name_tag":1,"minecraft:leather_boots":2,"minecraft:glass":3,"minecraft:bone":22,"minecraft:bow":4,"minecraft:wheat_seeds":256,"minecraft:deepslate_brick_slab":4,"minecraft:raw_gold":56,"minecraft:cobbled_deepslate_slab":2,"minecraft:bamboo":110,"minecraft:powered_rail":2,"minecraft:oak_planks":408,"minecraft:cooked_porkchop":14,"minecraft:warped_wart_block":2,"minecraft:sand":51,"minecraft:grass_block":1,"minecraft:dark_oak_log":121,"minecraft:diamond":38,"minecraft:lever":3,"minecraft:granite":8,"minecraft:bone_meal":2,"minecraft:bread":14,"minecraft:emerald":10,"minecraft:oak_sapling":155,"minecraft:netherrack":22,"minecraft:crimson_roots":1,"minecraft:cocoa_beans":22,"minecraft:crafting_table":32,"minecraft:ominous_bottle":2,"minecraft:chicken":7,"minecraft:pink_wool":1,"minecraft:gold_block":1,"minecraft:shield":1,"minecraft:cornflower":1,"minecraft:iron_axe":2,"minecraft:flint_and_steel":2,"minecraft:white_carpet":4,"minecraft:iron_shovel":1,"minecraft:detector_rail":2,"minecraft:beef":12,"minecraft:oak_boat":15,"minecraft:jungle_sapling":4,"minecraft:observer":3,"minecraft:iron_nugget":61,"minecraft:poppy":4,"minecraft:spruce_slab":3,"minecraft:sugar_cane":79,"minecraft:chest":8,"minecraft:birch_sapling":37,"minecraft:egg":14,"minecraft:dark_oak_sapling":12,"minecraft:raw_iron":56,"minecraft:oak_door":5,"minecraft:fire_charge":10,"minecraft:redstone":362,"minecraft:dark_oak_planks":6,"minecraft:arrow":32,"minecraft:weeping_vines":2,"minecraft:stone_shovel":3,"minecraft:jungle_stairs":1,"minecraft:deepslate_bricks":3,"minecraft:hay_block":46,"minecraft:glow_berries":4,"minecraft:mutton":31,"minecraft:rail":9,"minecraft:white_wool":19,"minecraft:oxeye_daisy":1,"minecraft:clock":2,"minecraft:leather":14,"minecraft:filled_map":2,"minecraft:oak_log":248,"minecraft:nether_wart_block":3,"minecraft:cobbled_deepslate_stairs":21,"minecraft:gunpowder":6,"minecraft:paper":9,"minecraft:white_banner":3,"minecraft:cooked_mutton":37,"minecraft:apple":32,"minecraft:warped_stem":1,"minecraft:iron_ingot":237,"minecraft:stone_pickaxe":7,"minecraft:cooked_chicken":41,"minecraft:iron_sword":5,"minecraft:warped_fungus":1,"minecraft:smooth_basalt":6,"minecraft:quartz":12,"minecraft:dandelion":4,"minecraft:gravel":48,"minecraft:amethyst_shard":50,"minecraft:white_bed":15,"minecraft:spider_eye":1,"minecraft:leather_helmet":2,"minecraft:stone_axe":2,"minecraft:iron_helmet":4,"minecraft:diamond_axe":1,"minecraft:gray_wool":2,"minecraft:warped_roots":4,"minecraft:coal":349,"minecraft:hopper":9,"minecraft:sunflower":2},"minecraft:mined":{"minecraft:dark_oak_planks":1,"minecraft:white_bed":14,"minecraft:cobbled_deepslate_stairs":21,"minecraft:jungle_slab":1,"minecraft:jungle_leaves":8,"minecraft:granite":7,"minecraft:budding_amethyst":12,"minecraft:grass_block":622,"minecraft:jungle_log":56,"minecraft:deepslate_bricks":1,"minecraft:hopper":9,"minecraft:oxeye_daisy":1,"minecraft:weeping_vines_plant":1,"minecraft:iron_ore":44,"minecraft:cobbled_deepslate":146,"minecraft:deepslate_lapis_ore":19,"minecraft:dark_oak_stairs":1,"minecraft:pointed_dripstone":1,"minecraft:dirt_path":38,"minecraft:spruce_slab":4,"minecraft:deepslate_redstone_ore":51,"minecraft:torch":35,"minecraft:jungle_stairs":1,"minecraft:melon":14,"minecraft:calcite":10,"minecraft:poppy":1,"minecraft:chest":8,"minecraft:mushroom_stem":1,"minecraft:nether_quartz_ore":12,"minecraft:glass":5,"minecraft:cobblestone":48,"minecraft:sugar_cane":19,"minecraft:oak_planks":197,"minecraft:wall_torch":41,"minecraft:amethyst_block":142,"minecraft:seagrass":1,"minecraft:light_weighted_pressure_plate":1,"minecraft:warped_nylium":14,"minecraft:repeater":1,"minecraft:nether_wart_block":3,"minecraft:birch_log":51,"minecraft:stone_brick_stairs":12,"minecraft:oak_log":245,"minecraft:sand":52,"minecraft:dirt":1086,"minecraft:smooth_basalt":4,"minecraft:red_mushroom_block":2,"minecraft:netherrack":7,"minecraft:oak_leaves":131,"minecraft:deepslate":448,"minecraft:tuff":31,"minecraft:dark_oak_leaves":7,"minecraft:deepslate_diamond_ore":35,"minecraft:oak_door":2,"minecraft:dark_oak_log":120,"minecraft:lever":3,"minecraft:cobbled_deepslate_slab":2,"minecraft:redstone_wire":8,"minecraft:birch_slab":2,"minecraft:spruce_leaves":2,"minecraft:hay_block":22,"minecraft:deepslate_brick_slab":2,"minecraft:furnace":4,"minecraft:andesite":55,"minecraft:gold_block":1,"minecraft:vine":13,"minecraft:cobblestone_slab":10,"minecraft:deepslate_iron_ore":12,"minecraft:warped_stem":1,"minecraft:bamboo":18,"minecraft:stone":960,"minecraft:redstone_wall_torch":3,"minecraft:oak_slab":2,"minecraft:glass_pane":8,"minecraft:observer":4,"minecraft:dandelion":3,"minecraft:oak_fence":3,"minecraft:crafting_table":29,"minecraft:cornflower":1,"minecraft:short_grass":1349,"minecraft:rose_bush":9,"minecraft:copper_ore":3,"minecraft:tall_grass":210,"minecraft:deepslate_gold_ore":42,"minecraft:diorite":12,"minecraft:warped_wart_block":2,"minecraft:spruce_stairs":1,"minecraft:redstone_torch":1,"minecraft:birch_leaves":23,"minecraft:white_wall_banner":1,"minecraft:coal_ore":304,"minecraft:cocoa":8,"minecraft:gravel":40,"minecraft:cobweb":12,"minecraft:gold_ore":8,"minecraft:fern":47},"minecraft:broken":{"minecraft:iron_shovel":3,"minecraft:stone_pickaxe":6,"minecraft:stone_axe":2,"minecraft:iron_sword":1,"minecraft:stone_shovel":6,"minecraft:leather_helmet":1,"minecraft:stone_sword":2,"minecraft:wooden_pickaxe":1,"minecraft:iron_axe":2,"minecraft:leather_boots":1,"minecraft:iron_pickaxe":5},"minecraft:killed":{"minecraft:spider":15,"minecraft:skeleton":17,"minecraft:chicken":5,"minecraft:pig":7,"minecraft:iron_golem":5,"minecraft:creeper":6,"minecraft:sheep":22,"minecraft:pillager":7,"minecraft:zombie":16,"minecraft:cow":7,"minecraft:horse":5,"minecraft:drowned":1,"minecraft:enderman":2},"minecraft:crafted":{"minecraft:oak_planks":664,"minecraft:cobblestone_slab":20,"minecraft:stone":270,"minecraft:lever":2,"minecraft:cooked_mutton":24,"minecraft:warped_planks":44,"minecraft:glass":34,"minecraft:hopper":25,"minecraft:repeater":2,"minecraft:bow":6,"minecraft:iron_boots":1,"minecraft:comparator":1,"minecraft:chest":36,"minecraft:birch_button":1,"minecraft:oak_slab":6,"minecraft:crafting_table":4,"minecraft:wooden_pickaxe":1,"minecraft:iron_helmet":1,"minecraft:birch_pressure_plate":2,"minecraft:hopper_minecart":1,"minecraft:birch_planks":44,"minecraft:dispenser":5,"minecraft:iron_chestplate":1,"minecraft:stick":120,"minecraft:iron_pickaxe":7,"minecraft:iron_ingot":60,"minecraft:iron_block":3,"minecraft:stone_sword":2,"minecraft:redstone_torch":9,"minecraft:oak_door":3,"minecraft:stone_shovel":7,"minecraft:leather_boots":1,"minecraft:furnace":3,"minecraft:white_carpet":3,"minecraft:warped_trapdoor":2,"minecraft:glass_pane":64,"minecraft:iron_axe":3,"minecraft:ladder":15,"minecraft:iron_hoe":1,"minecraft:stone_pickaxe":7,"minecraft:cobbled_deepslate_stairs":7,"minecraft:dark_oak_planks":72,"minecraft:lead":2,"minecraft:observer":2,"minecraft:wheat":207,"minecraft:cooked_beef":2,"minecraft:iron_sword":2,"minecraft:deepslate_brick_slab":2,"minecraft:leather_helmet":1,"minecraft:bucket":4,"minecraft:stone_axe":2,"minecraft:amethyst_block":8,"minecraft:bread":69,"minecraft:air":0,"minecraft:oak_boat":3,"minecraft:iron_shovel":4,"minecraft:iron_leggings":1,"minecraft:stonecutter":1,"minecraft:anvil":1,"minecraft:white_bed":1,"minecraft:torch":240}},"DataVersion":3953}