{"stats":{"minecraft:mined":{"minecraft:dark_oak_planks":27,"minecraft:large_amethyst_bud":1,"minecraft:white_bed":6,"minecraft:oak_sapling":2,"minecraft:farmland":2,"minecraft:obsidian":11,"minecraft:granite":20,"minecraft:budding_amethyst":7,"minecraft:acacia_log":8,"minecraft:grass_block":1081,"minecraft:yellow_carpet":3,"minecraft:deepslate_bricks":28,"minecraft:composter":1,"minecraft:spawner":1,"minecraft:magma_block":131,"minecraft:glowstone":14,"minecraft:dark_oak_trapdoor":2,"minecraft:iron_ore":64,"minecraft:cobbled_deepslate":13,"minecraft:fire":6,"minecraft:deepslate_lapis_ore":5,"minecraft:nether_brick_stairs":14,"minecraft:azure_bluet":3,"minecraft:dark_oak_stairs":9,"minecraft:red_tulip":1,"minecraft:dirt_path":1,"minecraft:oak_stairs":52,"minecraft:small_amethyst_bud":2,"minecraft:green_carpet":2,"minecraft:pink_tulip":1,"minecraft:deepslate_redstone_ore":85,"minecraft:blackstone":231,"minecraft:deepslate_brick_wall":7,"minecraft:amethyst_cluster":3,"minecraft:torch":35,"minecraft:calcite":38,"minecraft:poppy":1,"minecraft:chest":7,"minecraft:nether_quartz_ore":14,"minecraft:glass":39,"minecraft:cobblestone":22,"minecraft:sugar_cane":49,"minecraft:oak_planks":69,"minecraft:wall_torch":32,"minecraft:amethyst_block":53,"minecraft:deepslate_copper_ore":6,"minecraft:warped_nylium":80,"minecraft:dark_oak_slab":12,"minecraft:birch_log":5,"minecraft:wheat":2,"minecraft:lilac":2,"minecraft:stone_brick_stairs":16,"minecraft:oak_log":1165,"minecraft:dark_oak_sapling":5,"minecraft:sand":299,"minecraft:dirt":443,"minecraft:smooth_basalt":100,"minecraft:stonecutter":7,"minecraft:netherrack":302,"minecraft:oak_leaves":270,"minecraft:deepslate":1559,"minecraft:red_carpet":3,"minecraft:tuff":119,"minecraft:dark_oak_leaves":24,"minecraft:deepslate_diamond_ore":38,"minecraft:dark_oak_log":324,"minecraft:glow_lichen":2,"minecraft:nether_bricks":33,"minecraft:dark_oak_fence":3,"minecraft:hay_block":9,"minecraft:furnace":18,"minecraft:nether_sprouts":2,"minecraft:andesite":89,"minecraft:bookshelf":4,"minecraft:deepslate_iron_ore":20,"minecraft:shroomlight":17,"minecraft:rail":88,"minecraft:warped_stem":35,"minecraft:stripped_oak_log":3,"minecraft:stone":1445,"minecraft:white_tulip":1,"minecraft:white_wool":1,"minecraft:oak_slab":60,"minecraft:acacia_leaves":1,"minecraft:basalt":144,"minecraft:stone_brick_slab":38,"minecraft:dandelion":10,"minecraft:crafting_table":14,"minecraft:cornflower":2,"minecraft:short_grass":712,"minecraft:warped_roots":10,"minecraft:rose_bush":7,"minecraft:stone_slab":3,"minecraft:tall_grass":70,"minecraft:copper_ore":10,"minecraft:deepslate_gold_ore":38,"minecraft:diorite":15,"minecraft:warped_wart_block":1,"minecraft:dark_oak_wall_sign":3,"minecraft:gray_bed":2,"minecraft:birch_leaves":1,"minecraft:white_wall_banner":2,"minecraft:coal_ore":306,"minecraft:gravel":66,"minecraft:cobweb":3,"minecraft:stone_bricks":16,"minecraft:chipped_anvil":1},"minecraft:broken":{"minecraft:iron_shovel":3,"minecraft:stone_pickaxe":3,"minecraft:diamond_pickaxe":2,"minecraft:stone_axe":1,"minecraft:stone_shovel":6,"minecraft:stone_sword":1,"minecraft:wooden_pickaxe":1,"minecraft:diamond_axe":1,"minecraft:iron_axe":3,"minecraft:iron_pickaxe":5},"minecraft:custom":{"minecraft:interact_with_crafting_table":129,"minecraft:bell_ring":1,"minecraft:leave_game":23,"minecraft:time_since_death":155649,"minecraft:sprint_one_cm":1764502,"minecraft:drop":97,"minecraft:talked_to_villager":6,"minecraft:play_time":887018,"minecraft:deaths":4,"minecraft:jump":8839,"minecraft:walk_on_water_one_cm":79578,"minecraft:interact_with_furnace":327,"minecraft:sleep_in_bed":46,"minecraft:damage_dealt":21584,"minecraft:crouch_one_cm":66383,"minecraft:interact_with_anvil":1,"minecraft:mob_kills":117,"minecraft:inspect_hopper":3,"minecraft:climb_one_cm":40,"minecraft:walk_one_cm":2354909,"minecraft:sneak_time":29914,"minecraft:walk_under_water_one_cm":42238,"minecraft:boat_one_cm":106663,"minecraft:total_world_time":887018,"minecraft:interact_with_stonecutter":36,"minecraft:time_since_rest":33970,"minecraft:damage_taken":8881,"minecraft:swim_one_cm":20079,"minecraft:fly_one_cm":1671898,"minecraft:open_chest":362,"minecraft:fall_one_cm":312017},"minecraft:dropped":{"minecraft:iron_sword":1,"minecraft:warped_fungus":2,"minecraft:cooked_beef":1,"minecraft:oak_log":2,"minecraft:crafting_table":1,"minecraft:cooked_porkchop":1,"minecraft:warped_roots":13,"minecraft:flint":4,"minecraft:iron_pickaxe":1,"minecraft:gravel":14,"minecraft:cooked_chicken":25,"minecraft:cobbled_deepslate":1,"minecraft:nether_brick":2,"minecraft:rotten_flesh":1,"minecraft:poppy":1,"minecraft:arrow":1,"minecraft:glass":2,"minecraft:iron_ingot":12,"minecraft:bread":6,"minecraft:wheat_seeds":5,"minecraft:lilac":1,"minecraft:cobblestone":59,"minecraft:lead":1,"minecraft:apple":6,"minecraft:coal":10,"minecraft:warped_trapdoor":1,"minecraft:bucket":2,"minecraft:acacia_planks":1,"minecraft:dandelion":3,"minecraft:tuff":3,"minecraft:name_tag":1,"minecraft:diamond_pickaxe":1,"minecraft:iron_chestplate":1,"minecraft:oak_boat":1,"minecraft:oak_sapling":2,"minecraft:spider_eye":1},"minecraft:killed":{"minecraft:spider":3,"minecraft:skeleton":17,"minecraft:chicken":2,"minecraft:turtle":2,"minecraft:piglin":4,"minecraft:pig":22,"minecraft:zombie_villager":1,"minecraft:iron_golem":3,"minecraft:creeper":3,"minecraft:sheep":11,"minecraft:trader_llama":2,"minecraft:pillager":3,"minecraft:zombie":21,"minecraft:cow":9,"minecraft:slime":4,"minecraft:horse":1,"minecraft:drowned":1,"minecraft:bat":2,"minecraft:wandering_trader":1,"minecraft:hoglin":2,"minecraft:enderman":1},"minecraft:used":{"minecraft:iron_shovel":890,"minecraft:chest":16,"minecraft:stone":10,"minecraft:rotten_flesh":3,"minecraft:iron_chestplate":1,"minecraft:nether_bricks":33,"minecraft:carrot":1,"minecraft:tuff":3,"minecraft:obsidian":10,"minecraft:glass":289,"minecraft:lava_bucket":11,"minecraft:iron_helmet":1,"minecraft:dark_oak_slab":200,"minecraft:stone_brick_stairs":140,"minecraft:stone_bricks":398,"minecraft:repeater":4,"minecraft:red_carpet":32,"minecraft:magma_block":65,"minecraft:oak_sapling":44,"minecraft:furnace":20,"minecraft:cooked_cod":2,"minecraft:gray_bed":3,"minecraft:dark_oak_sapling":37,"minecraft:deepslate_brick_wall":31,"minecraft:dark_oak_stairs":129,"minecraft:diorite":1,"minecraft:oak_planks":565,"minecraft:stone_pickaxe":326,"minecraft:dark_oak_sign":11,"minecraft:wooden_pickaxe":59,"minecraft:composter":4,"minecraft:sugar_cane":23,"minecraft:diamond_axe":1483,"minecraft:dark_oak_trapdoor":11,"minecraft:sand":2,"minecraft:shears":45,"minecraft:redstone_torch":1,"minecraft:dark_oak_log":140,"minecraft:bread":39,"minecraft:gravel":1,"minecraft:lilac":1,"minecraft:dark_oak_fence":115,"minecraft:andesite":30,"minecraft:oak_boat":1,"minecraft:bone_meal":6,"minecraft:stone_sword":151,"minecraft:flint_and_steel":5,"minecraft:stone_shovel":843,"minecraft:redstone":2,"minecraft:cooked_chicken":9,"minecraft:netherrack":71,"minecraft:oak_door":2,"minecraft:torch":584,"minecraft:dirt":1277,"minecraft:hopper":7,"minecraft:granite":12,"minecraft:nether_brick_stairs":14,"minecraft:shroomlight":8,"minecraft:iron_hoe":25,"minecraft:stone_brick_slab":580,"minecraft:dark_oak_planks":273,"minecraft:chipped_anvil":1,"minecraft:iron_axe":748,"minecraft:oak_stairs":291,"minecraft:iron_boots":1,"minecraft:smooth_basalt":4,"minecraft:basalt":3,"minecraft:cooked_beef":24,"minecraft:cobbled_deepslate":202,"minecraft:iron_leggings":1,"minecraft:wheat_seeds":18,"minecraft:cooked_mutton":16,"minecraft:acacia_boat":5,"minecraft:water_bucket":29,"minecraft:warped_stem":13,"minecraft:pink_tulip":1,"minecraft:stonecutter":7,"minecraft:deepslate_bricks":71,"minecraft:oak_slab":456,"minecraft:crafting_table":19,"minecraft:white_bed":10,"minecraft:dark_oak_door":2,"minecraft:oak_log":935,"minecraft:piston":1,"minecraft:diamond_pickaxe":3688,"minecraft:apple":3,"minecraft:iron_pickaxe":1253,"minecraft:stone_slab":130,"minecraft:stone_axe":102,"minecraft:cobblestone":188,"minecraft:white_banner":3,"minecraft:cooked_porkchop":37,"minecraft:bucket":42},"minecraft:killed_by":{"minecraft:player":1,"minecraft:enderman":1},"minecraft:crafted":{"minecraft:oak_planks":1176,"minecraft:stone":853,"minecraft:nether_brick":203,"minecraft:cooked_mutton":16,"minecraft:dark_oak_door":3,"minecraft:glass":293,"minecraft:hopper":7,"minecraft:stone_brick_slab":2,"minecraft:repeater":4,"minecraft:iron_boots":1,"minecraft:chest":16,"minecraft:gray_bed":1,"minecraft:oak_slab":408,"minecraft:cooked_porkchop":45,"minecraft:diamond_axe":2,"minecraft:crafting_table":6,"minecraft:wooden_pickaxe":1,"minecraft:iron_helmet":1,"minecraft:red_wool":16,"minecraft:copper_ingot":26,"minecraft:birch_planks":16,"minecraft:stone_brick_stairs":3,"minecraft:dark_oak_slab":216,"minecraft:iron_chestplate":1,"minecraft:diamond_pickaxe":3,"minecraft:stick":228,"minecraft:iron_ingot":81,"minecraft:iron_pickaxe":5,"minecraft:stone_sword":1,"minecraft:gold_ingot":37,"minecraft:redstone_torch":9,"minecraft:composter":3,"minecraft:dark_oak_fence_gate":1,"minecraft:shears":1,"minecraft:oak_door":3,"minecraft:stone_shovel":6,"minecraft:furnace":4,"minecraft:piston":1,"minecraft:dark_oak_trapdoor":20,"minecraft:dark_oak_sign":9,"minecraft:bone_meal":6,"minecraft:flint_and_steel":1,"minecraft:dark_oak_fence":117,"minecraft:iron_axe":3,"minecraft:iron_hoe":1,"minecraft:stone_pickaxe":3,"minecraft:dark_oak_planks":920,"minecraft:minecart":2,"minecraft:wheat":81,"minecraft:cooked_beef":25,"minecraft:red_dye":21,"minecraft:cooked_cod":2,"minecraft:dark_oak_stairs":136,"minecraft:nether_bricks":40,"minecraft:bucket":3,"minecraft:red_carpet":29,"minecraft:stone_axe":1,"minecraft:acacia_boat":2,"minecraft:bread":45,"minecraft:air":0,"minecraft:white_wool":3,"minecraft:oak_stairs":240,"minecraft:iron_shovel":4,"minecraft:iron_leggings":1,"minecraft:stonecutter":1,"minecraft:white_bed":3,"minecraft:acacia_planks":28,"minecraft:torch":452,"minecraft:nether_brick_stairs":8},"minecraft:picked_up":{"minecraft:iron_chestplate":3,"minecraft:wheat":54,"minecraft:stone_slab":3,"minecraft:lead":5,"minecraft:oak_stairs":52,"minecraft:nether_brick":2,"minecraft:stone_brick_stairs":15,"minecraft:amethyst_block":51,"minecraft:string":8,"minecraft:dark_oak_trapdoor":2,"minecraft:raw_copper":52,"minecraft:iron_leggings":2,"minecraft:shroomlight":19,"minecraft:cobbled_deepslate":1394,"minecraft:bucket":4,"minecraft:rose_bush":7,"minecraft:calcite":25,"minecraft:wooden_shovel":1,"minecraft:iron_pickaxe":1,"minecraft:furnace":16,"minecraft:iron_boots":2,"minecraft:stick":51,"minecraft:deepslate_brick_wall":43,"minecraft:composter":1,"minecraft:oak_fence":3,"minecraft:torch":125,"minecraft:acacia_log":7,"minecraft:spruce_stairs":1,"minecraft:porkchop":44,"minecraft:diorite":15,"minecraft:rotten_flesh":25,"minecraft:red_tulip":1,"minecraft:obsidian":11,"minecraft:cobblestone":1650,"minecraft:birch_log":4,"minecraft:magma_block":128,"minecraft:feather":3,"minecraft:lilac":2,"minecraft:water_bucket":1,"minecraft:andesite":86,"minecraft:flint":11,"minecraft:tuff":95,"minecraft:acacia_boat":3,"minecraft:lapis_lazuli":33,"minecraft:dirt":1539,"minecraft:glass":1,"minecraft:bone":12,"minecraft:chipped_anvil":1,"minecraft:acacia_planks":13,"minecraft:stonecutter":8,"minecraft:bow":1,"minecraft:orange_tulip":1,"minecraft:wheat_seeds":153,"minecraft:raw_gold":37,"minecraft:dark_oak_sign":3,"minecraft:glowstone_dust":40,"minecraft:oak_planks":174,"minecraft:cooked_porkchop":1,"minecraft:warped_wart_block":1,"minecraft:sand":295,"minecraft:nether_brick_stairs":14,"minecraft:dark_oak_log":324,"minecraft:iron_hoe":1,"minecraft:yellow_carpet":3,"minecraft:diamond":37,"minecraft:granite":16,"minecraft:emerald":4,"minecraft:bread":43,"minecraft:oak_sapling":73,"minecraft:netherrack":377,"minecraft:dark_oak_fence":3,"minecraft:oak_leaves":43,"minecraft:diamond_pickaxe":3,"minecraft:crafting_table":16,"minecraft:azure_bluet":4,"minecraft:ominous_bottle":1,"minecraft:chicken":2,"minecraft:wooden_pickaxe":1,"minecraft:cornflower":2,"minecraft:iron_shovel":1,"minecraft:blackstone":229,"minecraft:beef":17,"minecraft:oak_boat":3,"minecraft:poppy":9,"minecraft:spruce_slab":3,"minecraft:sugar_cane":100,"minecraft:chest":7,"minecraft:egg":2,"minecraft:dark_oak_sapling":39,"minecraft:raw_iron":83,"minecraft:stone":73,"minecraft:carrot":1,"minecraft:redstone":387,"minecraft:dark_oak_planks":27,"minecraft:arrow":16,"minecraft:stone_shovel":2,"minecraft:nether_bricks":33,"minecraft:deepslate_bricks":25,"minecraft:hay_block":9,"minecraft:pink_tulip":1,"minecraft:mutton":15,"minecraft:rail":88,"minecraft:white_wool":13,"minecraft:stripped_oak_log":3,"minecraft:basalt":143,"minecraft:leather":13,"minecraft:filled_map":1,"minecraft:oak_log":1231,"minecraft:gunpowder":1,"minecraft:white_banner":3,"minecraft:red_carpet":3,"minecraft:apple":10,"minecraft:stone_bricks":15,"minecraft:warped_stem":35,"minecraft:iron_ingot":60,"minecraft:stone_pickaxe":1,"minecraft:cooked_chicken":34,"minecraft:gray_bed":2,"minecraft:iron_sword":1,"minecraft:dark_oak_stairs":9,"minecraft:book":12,"minecraft:oak_slab":64,"minecraft:smooth_basalt":91,"minecraft:warped_fungus":6,"minecraft:dark_oak_slab":17,"minecraft:pumpkin":1,"minecraft:stone_brick_slab":41,"minecraft:quartz":14,"minecraft:dandelion":16,"minecraft:gravel":56,"minecraft:amethyst_shard":16,"minecraft:white_bed":7,"minecraft:green_carpet":2,"minecraft:spider_eye":3,"minecraft:slime_ball":2,"minecraft:iron_helmet":2,"minecraft:diamond_axe":2,"minecraft:gray_wool":3,"minecraft:warped_roots":30,"minecraft:coal":426}},"DataVersion":3953}