{
  "minecraft:story/lava_bucket": {
    "criteria": {
      "lava_bucket": "2023-12-29 00:01:16 -0300"
    },
    "done": true
  },
  "minecraft:recipes/building_blocks/packed_ice": {
    "criteria": {
      "has_ice": "2023-12-29 00:01:16 -0300"
    },
    "done": true
  },
  "minecraft:adventure/adventuring_time": {
    "criteria": {
      "minecraft:mountains": "2023-12-29 00:00:39 -0300",
      "minecraft:desert": "2023-12-29 00:03:02 -0300",
      "minecraft:plains": "2023-12-29 00:02:27 -0300"
    },
    "done": false
  },
  "DataVersion": 2586
}